Myers,Tana,eu.odio@augueporttitor.co.uk,"P.O. Box 639, 8472 Dui, Rd.",5142825462711047,2015-09-20
Oneill,Hope,Nulla.tempor@eunullaat.edu,Ap #759-3458 Diam. St.,4232475596154100,2015-09-20
Huff,Gay,blandit@Maecenas.net,"P.O. Box 233, 9081 Sagittis. St.",5131750262524007,2015-09-20
Barry,Zenaida,bibendum.sed.est@gravida.edu,2389 Orci Street,4622719406243415,2015-09-20
Carney,Nyssa,amet.ornare.lectus@afelisullamcorper.org,"P.O. Box 267, 3705 Amet, Road",5274843988246283,2015-09-20
Strong,Julie,odio.sagittis@ultricesmauris.org,Ap #236-5642 Odio. St.,341205557931687,2015-09-20
Holman,Xena,orci.in.consequat@primisin.com,"P.O. Box 114, 2537 Cras Av.",5177345299026923,2015-09-20
Newton,Shoshana,nec.urna.et@euodio.co.uk,423-3871 In Avenue,5380513342763290,2015-09-20
Sweet,Naomi,ut.mi.Duis@blandit.edu,Ap #806-5870 A Rd.,4527800240274517,2015-09-20
Lindsey,Holly,senectus.et@eleifendvitae.edu,"P.O. Box 601, 9549 Aliquam Rd.",5237549942769112,2015-09-20
Tucker,Rhoda,mi@liberodui.com,"P.O. Box 204, 2308 Tempus St.",347617909022140,2015-09-20
Everett,Piper,ac@interdumSedauctor.net,"P.O. Box 229, 2649 Duis St.",5186405812688170,2015-09-20
Crane,Molly,ut.nulla.Cras@iaculisenimsit.net,Ap #154-6944 Diam. Rd.,379957570927685,2015-09-20
Franks,Diana,Quisque.ornare.tortor@risusodio.edu,Ap #942-1900 Lacus. Rd.,5162943167453638,2015-09-20
Snyder,Kimberley,eu.enim@inconsequatenim.com,4500 Per Rd.,5191361273596997,2015-09-20
Silva,Gillian,eu.nibh@nibhlacinia.org,238-4765 Mollis. St.,379843190127510,2015-09-20
Wallace,Maya,risus.at@diam.net,Ap #357-5562 Consectetuer Av.,5119218013728966,2015-09-20
Guerrero,Colette,faucibus@aliquetdiamSed.ca,632-2778 Nulla Road,5266194640882319,2016-08-02
Navarro,Kaitlin,tincidunt@convallis.net,156-9362 Maecenas St.,373247877836223,2016-08-02
Shields,Frances,Proin.ultrices@dolorQuisquetincidunt.com,163-2305 Dolor Ave,345118074244355,2016-08-02
Perez,Tatum,non.ante@liberoat.co.uk,"P.O. Box 648, 3120 Est, Ave",345336529498455,2016-08-02
Dyer,Aspen,Mauris.molestie@magnaCras.org,2863 Arcu. Road,4877866736100981,2016-08-02
Beck,Melanie,a.scelerisque.sed@vel.org,"P.O. Box 117, 3587 Arcu St.",374855130731596,2016-08-02
Finley,Taylor,sed.dolor.Fusce@vehiculaet.com,690-1071 Elit Av.,5147164951930754,2016-08-02
Dalton,Martena,Nulla@In.org,7763 Nisi. St.,343583970280827,2016-08-02
Lott,Hedwig,rutrum.lorem.ac@quamvelsapien.ca,Ap #849-6133 Metus. St.,375404150707645,2016-08-02
Solomon,Kathleen,non.justo.Proin@Proinultrices.ca,"P.O. Box 203, 4241 Penatibus Ave",374860377786210,2016-08-02
Donovan,Pandora,Suspendisse.dui.Fusce@faucibus.edu,"P.O. Box 892, 2633 Morbi St.",4796110269473869,2016-08-02
Duffy,Alea,nonummy.ipsum.non@lectus.org,2036 Bibendum Street,375864514355084,2016-08-02
Bean,Oprah,vitae.aliquet@parturient.net,"P.O. Box 286, 7843 A Ave",374398105474650,2016-08-02
Patrick,Kalia,Quisque@atnisiCum.ca,726 Hendrerit Rd.,372801220067311,2016-08-02
Mclean,Darrel,lacus.varius@elementum.edu,820-7129 Faucibus Street,5191470606261862,2016-08-02
Vaughn,Chastity,placerat@Curabiturutodio.net,1513 Vivamus Road,5157228614403860,2016-08-02
Gutierrez,Guinevere,ultrices.Vivamus.rhoncus@Cum.co.uk,9302 Nunc Rd.,374976246319712,2016-08-02
Maldonado,Whitney,Fusce.mollis.Duis@adipiscing.edu,7207 Sit St.,375374254688629,2016-08-02
Ross,Vera,ipsum.non@Curae.edu,"P.O. Box 973, 1982 Ipsum Rd.",343207260265011,2016-08-02
Blair,Oprah,odio.Aliquam@disparturient.net,182-4934 Eu Rd.,5451818042555821,2016-08-02
Bond,September,id.mollis.nec@inceptoshymenaeos.org,895-5084 Ut Street,4310878459550446,2016-08-02
Galloway,Ashely,nunc.ullamcorper.eu@magnisdisparturient.net,Ap #496-1857 Non Rd.,5112585945413445,2016-08-02
Ruiz,Sara,nec@malesuadavelvenenatis.ca,987-1445 Risus. Road,379459806658325,2017-07-07
Burton,Roanna,sem@odiosemper.com,"P.O. Box 961, 8925 Semper Avenue",5158637788724151,2017-07-07
Willis,Sybill,ipsum.dolor@urnanec.org,"P.O. Box 255, 7267 Facilisis, Ave",347876503563487,2017-07-07
Welch,Angelica,ac@libero.co.uk,688-6830 Scelerisque Road,5181003879313355,2017-07-07
Oneil,Amena,metus.In@justositamet.edu,"Ap #493-7077 Erat, Rd.",375821349804288,2017-07-07
Guzman,Wynne,mauris.rhoncus.id@imperdietullamcorper.net,426-4760 Adipiscing Rd.,4417082031304016,2017-07-07
Underwood,Melanie,Quisque.porttitor@Donec.ca,"P.O. Box 948, 1431 Ultrices. St.",5172365152910350,2017-07-07
Blake,Quinn,feugiat.tellus.lorem@Quisqueaclibero.co.uk,"Ap #772-9504 Vel, Ave",5256645399318078,2017-07-07
Peterson,Lareina,facilisis@Maecenaslibero.org,5059 Vivamus St.,5150926216859376,2017-07-07
Copeland,Amena,Nulla.eget@lectusasollicitudin.edu,Ap #279-4129 Nec St.,5138559793792667,2017-07-07
Pruitt,Maisie,nunc.risus@magnaPraesent.co.uk,348-8433 At Av.,5179124177680356,2017-07-07
Rodriquez,Teegan,per.conubia@et.co.uk,Ap #336-615 Pede St.,5392106959302908,2017-07-07
Suarez,Yuri,ornare.In@magnatellus.net,"Ap #808-6332 Amet, Av.",5181925088819117,2017-07-07
Frost,Fredericka,a.purus@nibhQuisquenonummy.net,"P.O. Box 275, 9572 Non Street",4669108512904494,2017-07-07
Medina,Irma,rutrum@diamvelarcu.co.uk,4801 Nonummy Street,4406582666188472,2017-07-07
Heath,Doris,purus.in@ornare.net,816-1564 Nascetur Av.,5129090040749873,2017-07-07
Noel,Sharon,et.magnis@a.com,"P.O. Box 822, 9462 Consectetuer, Ave",4927505540987474,2017-07-07
Stokes,Ayanna,cubilia@accumsanneque.co.uk,167-8148 Tempor Rd.,4846997736953192,2017-07-07
Silva,Tanya,interdum.feugiat.Sed@est.ca,"P.O. Box 315, 4201 Orci, Road",5267693818612021,2017-07-07
White,Daryl,augue.eu.tempor@maurisidsapien.co.uk,562-5146 Nibh Av.,5172361581088049,2017-07-07
Beasley,Chelsea,eu.nibh@ipsum.ca,452-6519 A Road,374334491724616,2017-07-07
Mack,Olympia,orci.consectetuer.euismod@vitaealiquetnec.co.uk,Ap #592-5550 Ligula. Ave,5111674873400476,2017-07-07
Mckee,Fatima,euismod@vulputate.com,"P.O. Box 161, 6079 Dolor Street",5190373781761150,2017-07-07
Johnson,Libby,sagittis.lobortis.mauris@nonsollicitudina.net,624-9978 Condimentum Av.,343481552350809,2017-07-07
Ellis,Charissa,sit@Donecfelisorci.edu,Ap #301-1987 Proin Road,375890348780431,2017-07-07
Green,Ria,nunc.interdum.feugiat@seddolorFusce.com,990 Malesuada Ave,5440136244958261,2017-07-07
Rose,Ivana,cursus@fringillaornare.net,"P.O. Box 404, 2330 Eros Road",377855807043611,2017-07-07
Heath,Quincy,felis@condimentumeget.com,"Ap #479-514 Dolor, St.",4809760904544964,2017-07-07
Lopez,Maite,orci@Donecest.ca,"Ap #301-4273 Ultrices, St.",5181954287514097,2017-07-07
Mercer,Ignacia,montes.nascetur.ridiculus@musAeneaneget.edu,"P.O. Box 848, 5763 Eget, Road",379964591639113,2017-07-07
Alvarez,Xantha,vestibulum.Mauris.magna@risusMorbimetus.co.uk,"P.O. Box 570, 4923 Velit St.",378356203586793,2017-07-07
Acosta,Kevyn,luctus.Curabitur.egestas@metusurnaconvallis.ca,579-8616 Morbi St.,347655235413928,2017-07-07
Garner,Larissa,molestie.orci@hendreritDonec.ca,"P.O. Box 516, 718 Laoreet Rd.",345828370511535,2017-07-07
Curtis,Gail,semper@metuseu.edu,"P.O. Box 689, 7169 Enim, Av.",5362327071544710,2017-07-07
Gill,Kai,hendrerit@risus.co.uk,7518 Lectus Rd.,345755623345266,2017-07-07
Rodriguez,Summer,Maecenas.mi.felis@nonduinec.edu,1659 Sodales Rd.,5416497203158218,2017-07-07
Pitts,Macey,Quisque.libero.lacus@luctusetultrices.edu,"P.O. Box 294, 560 Suspendisse St.",5194035274675114,2017-07-07
Webster,Kirsten,amet.lorem.semper@magna.edu,4181 Vitae Rd.,5329921386362988,2017-07-07
Mccarty,Kylan,metus@velitAliquam.net,"P.O. Box 146, 459 Vestibulum St.",5163142602518207,2017-07-07
Richard,Helen,mi@sociosquadlitora.com,"738-5276 Nec, Road",5444961491534481,2017-07-07
Wade,Debra,magna@non.org,"P.O. Box 709, 3383 Tincidunt Street",345848118015565,2017-07-07
Mosley,Serina,metus.Aliquam.erat@Nullasempertellus.ca,"P.O. Box 677, 6679 Sed Rd.",344226678019852,2017-07-07
Fuentes,Madaline,Fusce.aliquet@vitae.co.uk,5545 Morbi Ave,373706845083737,2017-07-07
Cabrera,Tasha,at.risus@egestasFusce.edu,"P.O. Box 665, 8093 Mauris St.",374040626897472,2017-07-07
Parker,Melanie,blandit.viverra@orciUt.co.uk,Ap #565-6028 Dictum Rd.,4991776315309108,2017-07-07
Sampson,Hillary,nibh@tortor.ca,"237-3953 Ut, St.",5167726717456244,2017-07-07
Mcgee,Patricia,nec.mauris@nisi.com,357-8157 Malesuada Rd.,4594963097246360,2017-07-07
Simon,Helen,pellentesque.massa.lobortis@placeratvelitQuisque.net,"P.O. Box 222, 5633 Aliquet Road",5191928185629654,2017-07-07
Williams,Basia,turpis.egestas@tinciduntDonecvitae.com,"P.O. Box 837, 955 Etiam Ave",5352426491151561,2017-07-07
Parker,Kaden,egestas.ligula.Nullam@risus.com,"3188 Suscipit, Ave",5327190128378579,2017-07-07
Cantrell,Jade,In.at@turpisnec.co.uk,"P.O. Box 707, 1539 Dui. Street",5164289766717704,2017-07-07
Walton,Patricia,ipsum.Donec.sollicitudin@Donecfringilla.edu,"P.O. Box 390, 1347 Neque. Ave",4857714083977047,2017-07-07
Mathews,Carolyn,penatibus.et.magnis@luctussitamet.com,"P.O. Box 106, 1150 Mus. St.",5328865001779040,2017-07-07
Collins,Ocean,convallis.erat@semperduilectus.edu,Ap #562-6329 Velit. Street,5154663548478854,2017-07-07
Dillon,Ursula,nec.urna@semperegestas.co.uk,Ap #970-689 Egestas Rd.,4205869319057090,2017-07-07
Levine,Skyler,elementum.purus.accumsan@utdolordapibus.edu,166-9804 Varius St.,5177768489583399,2017-07-07
Dillon,Quinn,purus.accumsan.interdum@rhoncusidmollis.co.uk,Ap #642-9563 Libero. Rd.,5184799793479035,2017-07-07
Mccormick,Renee,Aenean@elementumsem.com,Ap #182-3555 Risus Rd.,378914500234182,2017-07-07
Vang,Claudia,sit.amet.risus@Donec.com,"P.O. Box 349, 2745 Erat Road",375874458003788,2017-07-07
Aguirre,Rhoda,parturient.montes@molestie.co.uk,"P.O. Box 132, 3982 Molestie Av.",5166754080993125,2017-07-07
Horton,Christen,nascetur@accumsan.net,8540 Dis Road,378879091873290,2017-07-07